trade_date,total_mainlines,tc_mainlines,dw_mainlines,lb_mainlines,none_mainlines,avg_confidence,max_confidence,avg_group_count,avg_diffusion,avg_leader_island,avg_rotation_out,avg_concentration,tc_ratio,dw_ratio,lb_ratio,danger_ratio,market_collapse_risk
2025-01-02,152,0,125,27,0,0.4773684210526316,0.52,1.8223684210526316,0.04489970490789474,0.42098500040723685,0.2124453934131579,0.10712667197368421,0.0,82.24,17.76,82.24,59.78
2025-01-03,153,0,150,3,0,0.6643137254901961,0.76,2.6013071895424837,0.032430427189542484,0.42103928074183,0.5123340433333333,0.09485227784313725,0.0,98.04,1.96,98.04,75.31
2025-01-06,153,0,111,42,0,0.4776470588235294,0.76,1.8235294117647058,0.07233940781699347,0.4111854563326797,0.3294109568026144,0.10599549901960784,0.0,72.55,27.45,72.55,54.95
2025-01-07,146,0,106,40,0,0.5134246575342466,0.76,1.9726027397260273,0.11525569581849317,0.4008902660731164,0.3936192334481735,0.11572914616438355,0.0,72.6,27.4,72.6,56.43
2025-01-08,147,0,135,12,0,0.6310204081632653,0.76,2.4625850340136055,0.062101112595238095,0.41978123808146256,0.5536398885648526,0.11584193863945577,0.0,91.84,8.16,91.84,70.85
2025-01-09,149,0,124,25,0,0.534496644295302,0.76,2.0604026845637584,0.07597787233221476,0.41650487246895973,0.41894414079082776,0.12049443758389261,0.0,83.22,16.78,83.22,62.6
2025-01-10,150,0,144,6,0,0.656,0.76,2.566666666666667,0.033310447466666664,0.42908938674,0.5695084038488889,0.11489135560000001,0.0,96.0,4.0,96.0,73.95
2025-01-13,158,0,111,47,0,0.4653164556962026,0.76,1.7721518987341771,0.09414055014873417,0.4078111991030063,0.3160796027170886,0.11362084221518988,0.0,70.25,29.75,70.25,53.29
2025-01-14,150,0,98,52,0,0.47679999999999995,0.76,1.82,0.12798273720666667,0.3883401523876666,0.33401536829644446,0.0998206898,0.0,65.33,34.67,65.33,51.3
2025-01-15,142,0,140,2,0,0.6653521126760563,0.76,2.6056338028169015,0.06095136565492958,0.41392506197499995,0.6111011562070422,0.10606982274647887,0.0,98.59,1.41,98.59,75.63
2025-01-16,144,0,91,53,0,0.46166666666666667,0.76,1.7569444444444444,0.10762615645833334,0.3975831044722222,0.38887675275,0.10722693409722223,0.0,63.19,36.81,63.19,49.61
2025-01-17,151,0,131,20,0,0.567682119205298,0.76,2.198675496688742,0.08510270513245033,0.4081834752897351,0.49676452956953643,0.1109286642384106,0.0,86.75,13.25,86.75,65.72
2025-01-20,140,0,82,58,0,0.4702857142857143,0.76,1.792857142857143,0.11073408820000001,0.39435224232285715,0.3749636323504762,0.101287369,0.0,58.57,41.43,58.57,47.66
2025-01-21,141,0,132,9,0,0.6136170212765957,0.76,2.3900709219858154,0.06444253080496455,0.41338101677499994,0.5519450707042554,0.10767852262411347,0.0,93.62,6.38,93.62,71.03
2025-01-22,143,0,129,14,0,0.5837762237762238,0.76,2.265734265734266,0.039438464979020975,0.42519874015944054,0.5287774585659675,0.11293822867132867,0.0,90.21,9.79,90.21,68.11
2025-01-23,146,0,110,36,0,0.5019178082191781,0.76,1.9246575342465753,0.07673037225684931,0.40522265131284246,0.4009681998682648,0.09918552684931507,0.0,75.34,24.66,75.34,57.33
2025-01-24,146,0,91,55,0,0.46739726027397266,0.76,1.7808219178082192,0.1172682831609589,0.3910231790443493,0.3786273430938356,0.09870979315068493,0.0,62.33,37.67,62.33,49.42
2025-01-27,145,0,132,13,0,0.6027586206896552,0.76,2.3448275862068964,0.07089080838620689,0.40389215007862067,0.5443800997388506,0.09177119213793104,0.0,91.03,8.97,91.03,69.29
2025-02-05,143,0,97,46,0,0.49314685314685314,0.76,1.8881118881118881,0.10195351147202798,0.3974349903729021,0.4082790315750583,0.10263771363636363,0.0,67.83,32.17,67.83,53.22
2025-02-06,139,0,86,53,0,0.4474820143884892,0.76,1.6978417266187051,0.12653838479856117,0.3892143457917266,0.35912487775011986,0.10316397258992806,0.0,61.87,38.13,61.87,48.37
2025-02-07,135,0,108,27,0,0.5413333333333333,0.76,2.088888888888889,0.11889427841481481,0.39407263766592593,0.48164473523061724,0.10812412740740741,0.0,80.0,20.0,80.0,61.27
2025-02-10,134,0,97,37,0,0.5128358208955224,0.76,1.9701492537313432,0.11969935864552239,0.3934064032128731,0.48076146475845777,0.10713230432835821,0.0,72.39,27.61,72.39,56.3
2025-02-11,140,0,129,11,0,0.6177142857142858,0.76,2.407142857142857,0.058299543300000006,0.41769523765214284,0.5640447687780953,0.11146683957142857,0.0,92.14,7.86,92.14,70.46
2025-02-12,138,0,91,47,0,0.47304347826086957,0.76,1.8043478260869565,0.10503812157971015,0.40284768762463763,0.36720576429758456,0.113379745,0.0,65.94,34.06,65.94,51.45
2025-02-13,142,0,140,2,0,0.6467605633802818,0.76,2.528169014084507,0.048475460271126765,0.42616744310580984,0.5594192343823944,0.12021951950704225,0.0,98.59,1.41,98.59,74.87
2025-02-14,147,0,117,30,0,0.5330612244897959,0.76,2.054421768707483,0.07357911607142857,0.41963401948384355,0.4160254054659864,0.1268524019047619,0.0,79.59,20.41,79.59,60.73
2025-02-17,145,0,108,37,0,0.5001379310344828,0.76,1.9172413793103449,0.10969766802068967,0.40643678659965515,0.3779245298717242,0.12407893806896553,0.0,74.48,25.52,74.48,56.83
2025-02-18,147,0,136,11,0,0.6457142857142857,0.76,2.5238095238095237,0.038538947,0.42911634572346935,0.5738975972802721,0.11976162727891157,0.0,92.52,7.48,92.52,71.79
2025-02-19,148,0,89,59,0,0.44054054054054054,0.76,1.6689189189189189,0.12154772483445947,0.4011877832234797,0.3216672239925676,0.1217757366891892,0.0,60.14,39.86,60.14,47.23
2025-02-20,147,0,130,17,0,0.6081632653061225,0.76,2.36734693877551,0.1009596429047619,0.4037439248234694,0.5378536362761905,0.11301693993197277,0.0,88.44,11.56,88.44,68.22
2025-02-21,149,0,123,26,0,0.560268456375839,0.76,2.1677852348993287,0.07678325222147651,0.4177908025647651,0.4880215932111857,0.12317757174496645,0.0,82.55,17.45,82.55,63.32
2025-02-24,149,0,114,35,0,0.5167785234899329,0.76,1.9865771812080537,0.09463124854026846,0.40761271364513424,0.417002792631991,0.11520169939597315,0.0,76.51,23.49,76.51,58.52
2025-02-25,154,0,140,14,0,0.6197402597402597,0.76,2.4155844155844157,0.04818717815909091,0.42593975793003247,0.5273152891127706,0.11971762805194806,0.0,90.91,9.09,90.91,69.93
2025-02-26,147,0,89,58,0,0.4416326530612245,0.76,1.6734693877551021,0.12340710752380953,0.3942650972102041,0.32462752020952385,0.10726749768707483,0.0,60.54,39.46,60.54,47.47
2025-02-27,149,0,141,8,0,0.6424161073825503,0.76,2.51006711409396,0.07087442184563758,0.4140749539278523,0.5663790879932886,0.10931348597315438,0.0,94.63,5.37,94.63,72.71
2025-02-28,152,0,137,15,0,0.5973684210526315,0.76,2.3223684210526314,0.03524444130263158,0.42641170691249997,0.5792134106517545,0.10904449894736841,0.0,90.13,9.87,90.13,68.62
2025-03-03,154,0,100,54,0,0.4623376623376624,0.76,1.7597402597402598,0.09910621645454545,0.4040111202344156,0.36356876416363637,0.10915782948051948,0.0,64.94,35.06,64.94,50.52
2025-03-04,152,0,96,56,0,0.48210526315789476,0.76,1.8421052631578947,0.11451777605921053,0.4001770410042763,0.3635178436741229,0.11023473565789474,0.0,63.16,36.84,63.16,50.43
2025-03-05,150,0,141,9,0,0.6288,0.76,2.453333333333333,0.06900791079,0.4093934451301666,0.5439757277264444,0.09843099386666666,0.0,94.0,6.0,94.0,71.84
2025-03-06,151,0,94,57,0,0.4468874172185431,0.76,1.695364238410596,0.12156139786092715,0.3928553457884106,0.3511745256993377,0.10165588066225166,0.0,62.25,37.75,62.25,48.54
2025-03-07,150,0,140,10,0,0.6304,0.76,2.46,0.05754568188999999,0.41803352723183335,0.5661999003153333,0.10787018346666667,0.0,93.33,6.67,93.33,71.57
2025-03-10,154,0,96,58,0,0.4592207792207792,0.76,1.7467532467532467,0.10540531990909091,0.3975674145058441,0.3616871425896103,0.10379233155844156,0.0,62.34,37.66,62.34,49.09
2025-03-11,151,0,135,16,0,0.5724503311258278,0.76,2.218543046357616,0.09869742209602649,0.4011263934021523,0.48583340494503313,0.10639093688741723,0.0,89.4,10.6,89.4,67.24
2025-03-12,144,0,106,38,0,0.5283333333333333,0.76,2.0347222222222223,0.08464905393750001,0.402783064746875,0.4654681402680556,0.09913385250000001,0.0,73.61,26.39,73.61,57.55
2025-03-13,150,0,136,14,0,0.6048,0.76,2.3533333333333335,0.05734026514,0.4129616741043333,0.5340170730031111,0.0994200746,0.0,90.67,9.33,90.67,69.2
2025-03-14,159,0,91,68,0,0.44754716981132076,0.76,1.6981132075471699,0.1227371376918239,0.3879473746128931,0.3507900197740042,0.09434708981132076,0.0,57.23,42.77,57.23,46.06
2025-03-17,154,0,128,26,0,0.5620779220779221,0.76,2.175324675324675,0.1033645810909091,0.39491248042662336,0.5362048555177489,0.09501115305194804,0.0,83.12,16.88,83.12,63.68
2025-03-18,155,0,107,48,0,0.5091612903225806,0.76,1.9548387096774194,0.09366360287419354,0.40077139147467744,0.47182853715849465,0.10122833167741936,0.0,69.03,30.97,69.03,54.47
2025-03-19,155,0,141,14,0,0.6082580645161291,0.76,2.367741935483871,0.05603079291290322,0.4143303941062903,0.5613287062260215,0.10065550683870968,0.0,90.97,9.03,90.97,69.49
2025-03-20,154,0,116,38,0,0.5153246753246753,0.76,1.9805194805194806,0.069309834,0.4074158955318182,0.4219970749445887,0.09768265461038962,0.0,75.32,24.68,75.32,57.87
2025-03-21,159,0,152,7,0,0.6332075471698113,0.76,2.4716981132075473,0.044609244578616356,0.41201296063647797,0.5656293605937107,0.08706422364779874,0.0,95.6,4.4,95.6,72.82
2025-03-24,152,0,127,25,0,0.5389473684210526,0.76,2.0789473684210527,0.04850111519736842,0.40915832109210526,0.4623092481140351,0.08153310138157895,0.0,83.55,16.45,83.55,62.95
2025-03-25,154,0,111,43,0,0.4857142857142857,0.76,1.8571428571428572,0.08171704561363637,0.4069153968988636,0.3739533365655844,0.10056652064935065,0.0,72.08,27.92,72.08,55.04
2025-03-26,149,0,99,50,0,0.48134228187919464,0.76,1.8389261744966443,0.11099013297986576,0.39395469573557046,0.3745909744465324,0.09441200744966444,0.0,66.44,33.56,66.44,52.04
2025-03-27,148,0,132,16,0,0.6043243243243243,0.76,2.3513513513513513,0.06120226191216215,0.41530397589155404,0.5199674848518019,0.10534993391891892,0.0,89.19,10.81,89.19,68.44
2025-03-28,141,0,123,18,0,0.5863829787234043,0.76,2.276595744680851,0.04063967166312056,0.4186790528363475,0.5399299513931443,0.09510030333333333,0.0,87.23,12.77,87.23,66.73
2025-03-31,143,0,121,22,0,0.5418181818181819,0.76,2.090909090909091,0.04503867086013986,0.41754643476188813,0.43903694538508165,0.09547980804195805,0.0,84.62,15.38,84.62,63.6
2025-04-01,145,0,100,45,0,0.4670344827586207,0.76,1.7793103448275862,0.11677594691379312,0.3904629462215517,0.3707270068103448,0.09403167062068965,0.0,68.97,31.03,68.97,52.72
2025-04-02,146,0,123,23,0,0.5742465753424658,0.76,2.2260273972602738,0.08944799207534246,0.40462520226678084,0.5115638777675799,0.10315208410958905,0.0,84.25,15.75,84.25,64.74
2025-04-03,144,0,127,17,0,0.555,0.76,2.1458333333333335,0.07337999811111112,0.40775974421666666,0.5057068246740741,0.09696041777777778,0.0,88.19,11.81,88.19,65.92
2025-04-07,146,0,137,9,0,0.6383561643835617,0.76,2.493150684931507,0.03350615801027397,0.42021607785736304,0.6132071764390411,0.0944050539041096,0.0,93.84,6.16,93.84,72.15
2025-04-08,144,0,85,59,0,0.4366666666666667,0.76,1.6527777777777777,0.09799993656597222,0.3969036712157986,0.3332365727423611,0.09300224472222222,0.0,59.03,40.97,59.03,46.51
2025-04-09,149,0,97,52,0,0.4716778523489933,0.76,1.7986577181208054,0.12196180051342283,0.3913427844444631,0.3674522492306488,0.09818557463087248,0.0,65.1,34.9,65.1,50.98
2025-04-10,149,0,104,45,0,0.4861744966442953,0.76,1.8590604026845639,0.1254933201409396,0.39208949866879195,0.39338272880402686,0.10383313865771812,0.0,69.8,30.2,69.8,53.92
2025-04-11,150,0,131,19,0,0.5888000000000001,0.76,2.2866666666666666,0.09327220074999999,0.3996156984275,0.5637445237122223,0.09480037486666666,0.0,87.33,12.67,87.33,66.87
2025-04-14,148,0,78,70,0,0.43243243243243246,0.76,1.635135135135135,0.12253888702364865,0.38996055748429054,0.3530840750141892,0.09765520804054054,0.0,52.7,47.3,52.7,43.17
2025-04-15,150,0,136,14,0,0.6144,0.76,2.3933333333333335,0.07602568814666667,0.40839464497199995,0.5691728634773333,0.10139000553333334,0.0,90.67,9.33,90.67,69.59
2025-04-16,156,0,144,12,0,0.5800000000000001,0.76,2.25,0.044516225006410254,0.41875890739519234,0.512292902973077,0.10055606038461538,0.0,92.31,7.69,92.31,69.0
2025-04-17,153,0,98,55,0,0.45882352941176474,0.76,1.7450980392156863,0.09902423761111111,0.3989085191269608,0.33857180854313723,0.09680975091503267,0.0,64.05,35.95,64.05,49.93
2025-04-18,155,0,133,22,0,0.5927741935483871,0.76,2.303225806451613,0.06781923286774194,0.408458629751129,0.4733857476759139,0.09450065941935484,0.0,85.81,14.19,85.81,66.28
2025-04-21,149,0,91,58,0,0.46684563758389264,0.76,1.778523489932886,0.11798029631208053,0.39434386473372485,0.3569775225362416,0.10050213718120805,0.0,61.07,38.93,61.07,48.76
2025-04-22,153,0,139,14,0,0.5937254901960785,0.76,2.30718954248366,0.08446059505882353,0.4024261221673202,0.5232325696069717,0.09412289843137256,0.0,90.85,9.15,90.85,68.84
2025-04-23,147,0,109,38,0,0.523265306122449,0.76,2.0136054421768708,0.08850471195238095,0.40386200500714287,0.44744990316054417,0.09990388761904762,0.0,74.15,25.85,74.15,57.61
2025-04-24,153,0,137,16,0,0.5890196078431373,0.76,2.287581699346405,0.058379698473856205,0.4124558232955882,0.517193701024183,0.09532859575163398,0.0,89.54,10.46,89.54,67.99
2025-04-25,159,0,115,44,0,0.5018867924528302,0.76,1.9245283018867925,0.09068950848113207,0.4067637177580189,0.39593614378385744,0.10671980811320755,0.0,72.33,27.67,72.33,55.83
2025-04-28,160,0,155,5,0,0.6445000000000001,0.76,2.51875,0.040648424856250004,0.42118619533156243,0.5636469276537499,0.101265875625,0.0,96.88,3.12,96.88,73.92
2025-04-29,156,0,108,48,0,0.47692307692307695,0.76,1.8205128205128205,0.10846850003846153,0.39237955273653846,0.3778844490777778,0.0933608308974359,0.0,69.23,30.77,69.23,53.26
2025-04-30,153,0,121,32,0,0.5341176470588235,0.76,2.0588235294117645,0.09432446085294117,0.3982895106687908,0.470788579175817,0.09304676849673203,0.0,79.08,20.92,79.08,60.52
2025-05-06,149,0,74,75,0,0.42013422818791946,0.76,1.5838926174496644,0.12548188488926174,0.38387900337600667,0.33685868431968674,0.08864834899328859,0.0,49.66,50.34,49.66,41.15
2025-05-07,148,0,123,25,0,0.5491891891891892,0.76,2.1216216216216215,0.1103951696283784,0.39392030707263515,0.5418725133220721,0.09807980831081081,0.0,83.11,16.89,83.11,63.15
2025-05-08,148,0,88,60,0,0.4794594594594595,0.76,1.8310810810810811,0.11132536614527028,0.39515027260253377,0.4271506679466216,0.10286417885135135,0.0,59.46,40.54,59.46,48.47
2025-05-09,149,0,140,9,0,0.6069798657718121,0.76,2.3624161073825505,0.05445578593624162,0.41223944136526847,0.545578569882103,0.09784080536912751,0.0,93.96,6.04,93.96,70.93
2025-05-12,151,0,88,63,0,0.44529801324503315,0.76,1.6887417218543046,0.11142519095033114,0.3936514963726821,0.3381119516377484,0.0993359425165563,0.0,58.28,41.72,58.28,46.49
2025-05-13,155,0,137,18,0,0.6067096774193549,0.76,2.361290322580645,0.07599473482580645,0.4041886722012903,0.5288686187853763,0.09382707606451612,0.0,88.39,11.61,88.39,68.14
2025-05-14,151,0,121,30,0,0.5327152317880794,0.76,2.052980132450331,0.07417919519536424,0.4087497263703642,0.43399753593664464,0.10087769165562914,0.0,80.13,19.87,80.13,60.98
2025-05-15,149,0,130,19,0,0.5957046979865772,0.76,2.315436241610738,0.05588418830201343,0.4139270979432886,0.5235359677489932,0.09943651026845637,0.0,87.25,12.75,87.25,67.12
2025-05-16,151,0,107,44,0,0.48821192052980134,0.76,1.8675496688741722,0.09254911956622516,0.4048467874961921,0.3524920182677704,0.10711737867549667,0.0,70.86,29.14,70.86,54.53
2025-05-19,157,0,113,44,0,0.4940127388535032,0.76,1.89171974522293,0.11300051334713376,0.3941544201851911,0.3903088560779194,0.09976506974522292,0.0,71.97,28.03,71.97,55.32
2025-05-20,156,0,105,51,0,0.49538461538461537,0.76,1.8974358974358974,0.11440824236858974,0.3952415446966346,0.4203017660732905,0.10469645307692307,0.0,67.31,32.69,67.31,53.05
2025-05-21,157,0,149,8,0,0.6239490445859873,0.76,2.43312101910828,0.062132657203821655,0.4161317221092356,0.5804173748140128,0.11046156949044586,0.0,94.9,5.1,94.9,72.09
2025-05-22,155,0,139,16,0,0.5881290322580645,0.76,2.2838709677419353,0.042847707803225804,0.41375285443983867,0.5478474923791399,0.09296689012903227,0.0,89.68,10.32,89.68,68.02
2025-05-23,151,0,132,19,0,0.5660927152317881,0.76,2.19205298013245,0.04341288511258278,0.41582089504834435,0.4354451010657837,0.09512238602649006,0.0,87.42,12.58,87.42,65.99
2025-05-26,161,0,105,56,0,0.47527950310559014,0.76,1.813664596273292,0.1126031090652174,0.3950556670104037,0.3671114350109731,0.10501846217391304,0.0,65.22,34.78,65.22,51.18
2025-05-27,156,0,129,27,0,0.5476923076923077,0.76,2.1153846153846154,0.08872856995192309,0.40822790165144224,0.48527837454807693,0.11453550679487179,0.0,82.69,17.31,82.69,62.88
2025-05-28,149,0,123,26,0,0.574765100671141,0.76,2.228187919463087,0.06859263452013423,0.4170162525454698,0.5393702427290827,0.11820950812080537,0.0,82.55,17.45,82.55,63.91
2025-05-29,150,0,85,65,0,0.44,0.76,1.6666666666666667,0.11940539657333332,0.39627422514599997,0.34330154169866667,0.11038810506666666,0.0,56.67,43.33,56.67,45.47
2025-05-30,147,0,140,7,0,0.6522448979591836,0.76,2.5510204081632653,0.04636351423809524,0.4209743547377551,0.5997318714653062,0.10784600081632653,0.0,95.24,4.76,95.24,73.42
2025-06-03,150,0,88,62,0,0.45439999999999997,0.76,1.7266666666666666,0.10730634621333335,0.40035440417199997,0.37887217905955556,0.10843946373333334,0.0,58.67,41.33,58.67,47.06
2025-06-04,151,0,100,51,0,0.4786754966887417,0.76,1.8278145695364238,0.11915007961589404,0.39108302556490065,0.38084954571920526,0.1002107221192053,0.0,66.23,33.77,66.23,51.83
2025-06-05,152,0,122,30,0,0.5878947368421052,0.76,2.2828947368421053,0.07680545624342106,0.4077178144990132,0.5445191078039473,0.10186810052631579,0.0,80.26,19.74,80.26,63.3
2025-06-06,146,0,116,30,0,0.5331506849315069,0.76,2.0547945205479454,0.09047063861643835,0.4029498659020548,0.4642587187150685,0.1021751910958904,0.0,79.45,20.55,79.45,60.66
2025-06-09,146,0,92,54,0,0.48383561643835615,0.76,1.8493150684931507,0.12006738381849315,0.39483977713270546,0.4001263962180365,0.10668966171232877,0.0,63.01,36.99,63.01,50.43
2025-06-10,144,0,138,6,0,0.62,0.76,2.4166666666666665,0.054406310979166664,0.4103330404489583,0.5995481078597222,0.09034129472222223,0.0,95.83,4.17,95.83,72.4
2025-06-11,140,0,80,60,0,0.45485714285714285,0.76,1.7285714285714286,0.10878482137500001,0.39585543457946426,0.34800381219642856,0.10127709664285714,0.0,57.14,42.86,57.14,46.31
2025-06-12,143,0,122,21,0,0.5854545454545454,0.76,2.272727272727273,0.0785384513916084,0.4054840891667832,0.48612061350722613,0.09782741636363636,0.0,85.31,14.69,85.31,65.73
2025-06-13,146,0,127,19,0,0.5989041095890411,0.76,2.328767123287671,0.043154112462328774,0.41460922271695205,0.5479239542609589,0.09160093856164384,0.0,86.99,13.01,86.99,67.12
2025-06-16,146,0,88,58,0,0.44767123287671234,0.76,1.6986301369863013,0.11269640961986302,0.39661522061934934,0.3683941693454338,0.10602570383561644,0.0,60.27,39.73,60.27,47.58
2025-06-17,146,0,125,21,0,0.5808219178082191,0.76,2.2534246575342465,0.07830830495205479,0.41089923874965756,0.5013710962105024,0.11019517869863013,0.0,85.62,14.38,85.62,65.69
2025-06-18,143,0,117,26,0,0.5485314685314685,0.76,2.1188811188811187,0.06290741590909092,0.415044854756993,0.48398323444522134,0.10871811027972028,0.0,81.82,18.18,81.82,62.48
2025-06-19,144,0,137,7,0,0.615,0.76,2.3958333333333335,0.03904717990277778,0.41954053336041663,0.5674213191768519,0.09970701652777778,0.0,95.14,4.86,95.14,71.85
2025-06-20,149,0,119,30,0,0.5135570469798657,0.76,1.9731543624161074,0.06104120649999999,0.41569391025855706,0.3832459169326622,0.10840613791946309,0.0,79.87,20.13,79.87,60.07
2025-06-23,150,0,96,54,0,0.47840000000000005,0.76,1.8266666666666667,0.12251828249333334,0.39227716586399997,0.3462662537546667,0.10384955126666667,0.0,64.0,36.0,64.0,50.7
2025-06-24,153,0,100,53,0,0.4807843137254902,0.76,1.8366013071895424,0.12149556732352941,0.38969167959689544,0.38575099433050114,0.09834966751633988,0.0,65.36,34.64,65.36,51.48
2025-06-25,151,0,125,26,0,0.5549668874172186,0.76,2.1456953642384105,0.11847006184437087,0.3893547023346026,0.5488015956399558,0.09581137337748345,0.0,82.78,17.22,82.78,63.22
2025-06-26,153,0,135,18,0,0.5811764705882353,0.76,2.2549019607843137,0.059156362003267966,0.41163826508970586,0.5737171306320262,0.09839560993464051,0.0,88.24,11.76,88.24,67.02
2025-06-27,148,0,84,64,0,0.4356756756756757,0.76,1.6486486486486487,0.10929814385135134,0.3933395150743243,0.36632013724324325,0.1001893706081081,0.0,56.76,43.24,56.76,45.34
2025-06-30,149,0,94,55,0,0.47489932885906044,0.76,1.8120805369127517,0.11504254482885906,0.390193298189094,0.413697248358613,0.09658807073825504,0.0,63.09,36.91,63.09,50.1
2025-07-01,149,0,127,22,0,0.5586577181208054,0.76,2.161073825503356,0.08581801212416108,0.40439563620285235,0.49436582822841163,0.10343294744966443,0.0,85.23,14.77,85.23,64.59
2025-07-02,148,0,123,25,0,0.5556756756756758,0.76,2.1486486486486487,0.07599547124662162,0.408030064658277,0.515341799084009,0.10589421891891893,0.0,83.11,16.89,83.11,63.41
2025-07-03,141,0,88,53,0,0.47744680851063837,0.76,1.822695035460993,0.10225337572340426,0.3938182462698581,0.41806582388132385,0.09290459914893616,0.0,62.41,37.59,62.41,49.87
2025-07-04,147,0,135,12,0,0.6179591836734694,0.76,2.4081632653061225,0.04818359842857143,0.41205499140374147,0.5506303774435374,0.08972834278911565,0.0,91.84,8.16,91.84,70.32
2025-07-07,148,0,95,53,0,0.4632432432432433,0.76,1.7635135135135136,0.10889050758783785,0.3944114804287162,0.3785870558292793,0.0980307416891892,0.0,64.19,35.81,64.19,50.18
2025-07-08,143,0,86,57,0,0.4763636363636364,0.76,1.8181818181818181,0.12131714314685316,0.3877636238531468,0.3915704912634033,0.09249419153846154,0.0,60.14,39.86,60.14,48.69
2025-07-09,146,0,133,13,0,0.5972602739726027,0.76,2.3219178082191783,0.0675205309760274,0.4097978020077055,0.5500041151929224,0.0990508101369863,0.0,91.1,8.9,91.1,69.1
2025-07-10,146,0,105,41,0,0.49041095890410963,0.76,1.8767123287671232,0.09610014633561643,0.40159327023116437,0.42829454434474884,0.10532686349315068,0.0,71.92,28.08,71.92,55.15
2025-07-11,146,0,107,39,0,0.5183561643835617,0.76,1.9931506849315068,0.09003395138356164,0.39975309294041095,0.44895102246301377,0.09549111849315069,0.0,73.29,26.71,73.29,56.98
2025-07-14,148,0,101,47,0,0.49567567567567566,0.76,1.8986486486486487,0.100406513625,0.39282356195422297,0.404277517320045,0.08865502364864866,0.0,68.24,31.76,68.24,53.53
2025-07-15,146,0,135,11,0,0.6416438356164385,0.76,2.506849315068493,0.041857187441780824,0.4092572400666096,0.5640513915162101,0.08072145095890411,0.0,92.47,7.53,92.47,71.6
2025-07-16,146,0,94,52,0,0.4624657534246575,0.76,1.7602739726027397,0.10556779460958905,0.3912352820476027,0.35987934970365293,0.08955929198630136,0.0,64.38,35.62,64.38,50.24
2025-07-17,146,0,111,35,0,0.5397260273972603,0.76,2.0821917808219177,0.106973493,0.39777551387808213,0.446283948336073,0.10458615705479452,0.0,76.03,23.97,76.03,59.22
2025-07-18,146,0,125,21,0,0.5545205479452056,0.76,2.143835616438356,0.08832963452739727,0.4049354747578767,0.48886040837305933,0.10494617410958904,0.0,85.62,14.38,85.62,64.62
2025-07-21,145,0,94,51,0,0.4819310344827587,0.76,1.8413793103448275,0.11871217857241378,0.3885646158341379,0.3953413263039081,0.08993030434482759,0.0,64.83,35.17,64.83,51.26
2025-07-22,146,0,134,12,0,0.6005479452054795,0.76,2.335616438356164,0.08746419095547946,0.40143215912448627,0.5855912725851598,0.09580297397260273,0.0,91.78,8.22,91.78,69.58
2025-07-23,146,0,130,16,0,0.5758904109589041,0.76,2.232876712328767,0.04543232422260273,0.41855695651866437,0.5467914648952055,0.10133314184931508,0.0,89.04,10.96,89.04,67.2
2025-07-24,149,0,83,66,0,0.4346308724832215,0.76,1.6442953020134228,0.12204547275838926,0.3919114266486577,0.34568818799865775,0.10149312416107382,0.0,55.7,44.3,55.7,44.76
2025-07-25,153,0,135,18,0,0.6141176470588235,0.76,2.392156862745098,0.07224752430718955,0.41087298836830066,0.571700639356427,0.10572348797385621,0.0,88.24,11.76,88.24,68.36
2025-07-28,155,0,107,48,0,0.49367741935483866,0.76,1.8903225806451613,0.08300835136451613,0.4046935306966129,0.41404228763247314,0.10227355296774193,0.0,69.03,30.97,69.03,53.84
2025-07-29,153,0,134,19,0,0.5874509803921568,0.76,2.281045751633987,0.06249431416993464,0.41203891401764703,0.5071522246562091,0.10327994725490196,0.0,87.58,12.42,87.58,66.94
2025-07-30,153,0,120,33,0,0.535686274509804,0.76,2.065359477124183,0.06601327014052287,0.4114502327547386,0.4696490561461874,0.10310931339869281,0.0,78.43,21.57,78.43,60.26
2025-07-31,147,0,132,15,0,0.5983673469387756,0.76,2.326530612244898,0.03876594719047619,0.41605814096292515,0.514965517151474,0.0954841225170068,0.0,89.8,10.2,89.8,68.5
2025-08-01,155,0,92,63,0,0.4487741935483871,0.76,1.7032258064516128,0.10625137535483872,0.39466323838064515,0.34391590861935484,0.09967769264516128,0.0,59.35,40.65,59.35,47.17
2025-08-04,155,0,97,58,0,0.4812903225806452,0.76,1.8387096774193548,0.11169795613225807,0.39242680463435486,0.40112134451118275,0.09883424858064517,0.0,62.58,37.42,62.58,50.11
2025-08-05,149,0,112,37,0,0.508724832214765,0.76,1.9530201342281879,0.11968057973154361,0.3895907921879194,0.44813740461744966,0.09755720013422818,0.0,75.17,24.83,75.17,57.52
2025-08-06,155,0,122,33,0,0.5308387096774193,0.76,2.0451612903225804,0.09907112037419354,0.3997993662658064,0.48018662195096773,0.10327842367741936,0.0,78.71,21.29,78.71,60.2
2025-08-07,148,0,124,24,0,0.5686486486486486,0.76,2.2027027027027026,0.06954153036486486,0.4080067498114865,0.5333080084765766,0.09758213581081081,0.0,83.78,16.22,83.78,64.28
2025-08-08,148,0,102,46,0,0.48756756756756753,0.76,1.864864864864865,0.08508363254054055,0.40133932233716213,0.4064936094423423,0.0942521302027027,0.0,68.92,31.08,68.92,53.54
2025-08-11,153,0,94,59,0,0.4698039215686275,0.76,1.7908496732026145,0.12021444709150327,0.3851580990866013,0.3814189705729848,0.08587411477124182,0.0,61.44,38.56,61.44,49.07
2025-08-12,157,0,150,7,0,0.6147770700636942,0.76,2.394904458598726,0.0671725817388535,0.4100492737640127,0.5541997917838641,0.09951973598726115,0.0,95.54,4.46,95.54,72.04
2025-08-13,148,0,98,50,0,0.48918918918918924,0.76,1.8716216216216217,0.08510348871283784,0.4030516331126689,0.39315786056373875,0.0978156518918919,0.0,66.22,33.78,66.22,52.25
2025-08-14,152,0,146,6,0,0.6510526315789474,0.76,2.5460526315789473,0.035028803631578946,0.4194540699263158,0.579850769922807,0.09464723657894736,0.0,96.05,3.95,96.05,73.78
2025-08-15,161,0,90,71,0,0.42906832298136643,0.76,1.6211180124223603,0.12102371217391303,0.39350067642236025,0.3257088119751553,0.10158640559006211,0.0,55.9,44.1,55.9,44.64
2025-08-18,155,0,120,35,0,0.5494193548387096,0.76,2.1225806451612903,0.11454984630322582,0.39105917929064515,0.4904740004941936,0.09028275200000001,0.0,77.42,22.58,77.42,60.31
2025-08-19,150,0,121,29,0,0.5344,0.76,2.06,0.09522264001333333,0.40034440910533337,0.47570966449066676,0.09733762913333333,0.0,80.67,19.33,80.67,61.32
2025-08-20,149,0,98,51,0,0.4700671140939598,0.76,1.7919463087248322,0.1148575804161074,0.39149899080738254,0.3863251951740492,0.09412337731543624,0.0,65.77,34.23,65.77,51.25
2025-08-21,143,0,130,13,0,0.5938461538461539,0.76,2.3076923076923075,0.07466441637062936,0.40401307858496505,0.5329696086512821,0.0895270283916084,0.0,90.91,9.09,90.91,68.87
2025-08-22,149,0,116,33,0,0.5264429530201342,0.76,2.0268456375838926,0.07803684619463087,0.40173300288557046,0.4185909274322147,0.0856894699328859,0.0,77.85,22.15,77.85,59.59
2025-08-25,150,0,107,43,0,0.5056,0.76,1.94,0.10679897266999999,0.3948648285855,0.4162700583637778,0.09384370893333333,0.0,71.33,28.67,71.33,55.48
2025-08-26,159,0,132,27,0,0.5516981132075471,0.76,2.1320754716981134,0.09093310389937108,0.4013944870534591,0.46729862219287216,0.09660336371069182,0.0,83.02,16.98,83.02,63.2
2025-08-27,155,0,148,7,0,0.6376774193548387,0.76,2.490322580645161,0.03307534398064516,0.4157729371551613,0.5693715195049462,0.08481466193548387,0.0,95.48,4.52,95.48,72.95
2025-08-28,149,0,115,34,0,0.48939597315436245,0.76,1.8724832214765101,0.07747423808053691,0.40514326659798655,0.365999352947651,0.09263039879194632,0.0,77.18,22.82,77.18,57.74
2025-08-29,152,0,138,14,0,0.6163157894736843,0.76,2.401315789473684,0.058978983825657895,0.4216789817662829,0.5125463660067983,0.11603373052631578,0.0,90.79,9.21,90.79,69.73
2025-09-01,152,0,105,47,0,0.4852631578947369,0.76,1.855263157894737,0.09863390711513158,0.403458565322204,0.3570072998269737,0.10844014309210526,0.0,69.08,30.92,69.08,53.52
2025-09-02,154,0,146,8,0,0.6602597402597403,0.76,2.5844155844155843,0.04352223586363636,0.4243815300743507,0.5932010193337662,0.11212473512987013,0.0,94.81,5.19,94.81,73.53
2025-09-03,154,0,145,9,0,0.5838961038961039,0.76,2.2662337662337664,0.03295656631818182,0.42867656895746753,0.5039249581476191,0.11209163844155844,0.0,94.16,5.84,94.16,70.09
2025-09-04,152,0,119,33,0,0.5105263157894737,0.76,1.9605263157894737,0.07871527284210526,0.4139424852717105,0.38651813776052635,0.1164457642763158,0.0,78.29,21.71,78.29,59.16
2025-09-05,150,0,102,48,0,0.49600000000000005,0.76,1.9,0.12135272189333333,0.40099337415399994,0.35599219346577776,0.118191467,0.0,68.0,32.0,68.0,53.42
2025-09-08,148,0,133,15,0,0.5718918918918919,0.76,2.2162162162162162,0.11314580927364866,0.40207806560557435,0.5232155202173423,0.1139559554054054,0.0,89.86,10.14,89.86,67.45
2025-09-09,145,0,135,10,0,0.6126896551724138,0.76,2.386206896551724,0.049787548658620694,0.42408716254534484,0.5592235068613793,0.11366370365517241,0.0,93.1,6.9,93.1,70.73
2025-09-10,142,0,118,24,0,0.5267605633802817,0.76,2.028169014084507,0.0770462756971831,0.4158388194214789,0.41587853753661974,0.1168703014084507,0.0,83.1,16.9,83.1,62.23
2025-09-11,148,0,99,49,0,0.485945945945946,0.76,1.8581081081081081,0.11550302279054055,0.3983779331753378,0.3588394951130631,0.10734971006756758,0.0,66.89,33.11,66.89,52.45
2025-09-12,148,0,143,5,0,0.64,0.76,2.5,0.057795839743243246,0.41885294679932433,0.5893728534477478,0.10976427364864866,0.0,96.62,3.38,96.62,73.61
2025-09-15,146,0,127,19,0,0.5545205479452056,0.76,2.143835616438356,0.05738607402054795,0.42334022827431506,0.4632794190178082,0.12024721020547945,0.0,86.99,13.01,86.99,65.3
2025-09-16,147,0,107,40,0,0.5036734693877551,0.76,1.9319727891156462,0.10522322485714286,0.40529640735102035,0.3689350354503401,0.11597833408163265,0.0,72.79,27.21,72.79,56.13
2025-09-17,147,0,134,13,0,0.6130612244897959,0.76,2.3877551020408165,0.07200814750000001,0.41805149935119046,0.48772408355668945,0.11701178523809523,0.0,91.16,8.84,91.16,69.78
2025-09-18,141,0,131,10,0,0.6238297872340426,0.76,2.4326241134751774,0.03973405888297872,0.4251551088093971,0.5689618049231678,0.10851766978723405,0.0,92.91,7.09,92.91,71.09
2025-09-19,143,0,128,15,0,0.5451748251748252,0.76,2.104895104895105,0.06655285613636364,0.4165805377438811,0.39892245860023307,0.11066398363636364,0.0,89.51,10.49,89.51,66.18
2025-09-22,143,0,123,20,0,0.5837762237762238,0.76,2.265734265734266,0.062137269657342654,0.42441283514090905,0.44616374504755246,0.12347172916083916,0.0,86.01,13.99,86.01,66.01
2025-09-23,144,0,138,6,0,0.625,0.76,2.4375,0.041908419763888885,0.4260215967979166,0.5073125962787037,0.11275670208333333,0.0,95.83,4.17,95.83,72.6
2025-09-24,148,0,97,51,0,0.47783783783783784,0.76,1.8243243243243243,0.12026101614189189,0.405550151191554,0.34950450251486487,0.12724298817567567,0.0,65.54,34.46,65.54,51.45
2025-09-25,148,0,145,3,0,0.6724324324324324,0.76,2.635135135135135,0.043880415841216214,0.43087931599949325,0.5705120904308558,0.12453489952702702,0.0,97.97,2.03,97.97,75.61
2025-09-26,141,0,122,19,0,0.5540425531914894,0.76,2.141843971631206,0.0679661894751773,0.417058778687234,0.4566079417598109,0.11264301411347517,0.0,86.52,13.48,86.52,65.05
2025-09-29,139,0,96,43,0,0.4837410071942447,0.76,1.8489208633093526,0.10946045992446045,0.3974056658789568,0.35814824832685854,0.10354402769784174,0.0,69.06,30.94,69.06,53.45
2025-09-30,140,0,127,13,0,0.6194285714285714,0.76,2.414285714285714,0.07739017317500001,0.41460458371375,0.5414382517316666,0.11642666992857144,0.0,90.71,9.29,90.71,69.82
2025-10-09,149,0,118,31,0,0.5248322147651007,0.76,2.0201342281879193,0.09597810797315436,0.4095834541758389,0.4259691524635347,0.11674948550335569,0.0,79.19,20.81,79.19,60.19
2025-10-10,147,0,122,25,0,0.5591836734693878,0.76,2.163265306122449,0.0944095428095238,0.4066736846595238,0.45922672370566897,0.11006413639455781,0.0,82.99,17.01,82.99,63.5
2025-10-13,149,0,134,15,0,0.6021476510067114,0.76,2.3422818791946307,0.051369729389261744,0.41974975603926173,0.5222200587082775,0.10393534731543624,0.0,89.93,10.07,89.93,68.72
2025-10-14,150,0,135,15,0,0.5680000000000001,0.76,2.2,0.06759599502000001,0.4164185626263333,0.4920699243515556,0.11145117233333333,0.0,90.0,10.0,90.0,67.36
2025-10-15,152,0,98,54,0,0.48210526315789476,0.76,1.8421052631578947,0.12015968803289474,0.39968253379703944,0.36030478181008774,0.11329269796052631,0.0,64.47,35.53,64.47,51.09
2025-10-16,151,0,150,1,0,0.6821192052980133,0.76,2.6754966887417218,0.042481879539735104,0.4231845079061258,0.5853151856152318,0.10498495993377484,0.0,99.34,0.66,99.34,76.69
2025-10-17,156,0,149,7,0,0.6153846153846154,0.76,2.3974358974358974,0.03465861665064102,0.42506686180048076,0.5673950242767094,0.10476140897435897,0.0,95.51,4.49,95.51,72.05
2025-10-20,148,0,95,53,0,0.45189189189189194,0.76,1.7162162162162162,0.12156516754729729,0.39715016686520266,0.34190327392297293,0.11030451013513513,0.0,64.19,35.81,64.19,49.71
2025-10-21,150,0,107,43,0,0.512,0.76,1.9666666666666666,0.12356325583333333,0.3936074838916666,0.39093065554444434,0.102385978,0.0,71.33,28.67,71.33,55.74
2025-10-22,150,0,139,11,0,0.6336,0.76,2.473333333333333,0.07126423820666668,0.4135369758176667,0.593286334220889,0.10820146486666665,0.0,92.67,7.33,92.67,71.37
2025-10-23,153,0,102,51,0,0.4713725490196079,0.76,1.7973856209150327,0.10028390813071895,0.3987283924810457,0.41530813436514163,0.09894331633986927,0.0,66.67,33.33,66.67,51.75
2025-10-24,149,0,116,33,0,0.5651006711409396,0.76,2.1879194630872485,0.08115783954362417,0.40508309736778525,0.486624823858613,0.09879258523489932,0.0,77.85,22.15,77.85,61.17
2025-10-27,152,0,115,37,0,0.5042105263157894,0.76,1.9342105263157894,0.10699719656907895,0.3949277203192434,0.41389840965109653,0.09561205184210526,0.0,75.66,24.34,75.66,57.59
2025-10-28,155,0,139,16,0,0.5974193548387098,0.76,2.3225806451612905,0.07857599470967742,0.4065683327096774,0.5712292936258065,0.10048859187096774,0.0,89.68,10.32,89.68,68.4
2025-10-29,149,0,117,32,0,0.5296644295302013,0.76,2.040268456375839,0.07563202330872483,0.40759725182516776,0.46104485719507826,0.09903863590604026,0.0,78.52,21.48,78.52,60.05
2025-10-30,153,0,146,7,0,0.6345098039215686,0.76,2.477124183006536,0.04528669198039215,0.4243971729343137,0.572580685756427,0.1118720379738562,0.0,95.42,4.58,95.42,72.79
2025-10-31,150,0,99,51,0,0.4640000000000001,0.76,1.7666666666666666,0.10829940807333334,0.402329382181,0.34615074431422227,0.11360868519999999,0.0,66.0,34.0,66.0,51.11
2025-11-03,151,0,122,29,0,0.5358940397350993,0.76,2.066225165562914,0.11110385466225167,0.3959857817423841,0.46234814521766,0.10051290304635761,0.0,80.79,19.21,80.79,61.44
2025-11-04,160,0,143,17,0,0.5815,0.76,2.25625,0.06314647724375,0.41530842040218746,0.5402783364679167,0.10902513875,0.0,89.38,10.62,89.38,67.6
2025-11-05,151,0,94,57,0,0.45642384105960265,0.76,1.7350993377483444,0.10886603596026492,0.3998139150596026,0.3556425578543046,0.10981061331125828,0.0,62.25,37.75,62.25,48.93
2025-11-06,149,0,122,27,0,0.577986577181208,0.76,2.2416107382550337,0.09482865260067114,0.4032055422239933,0.4891626439004475,0.10801044033557046,0.0,81.88,18.12,81.88,63.71
2025-11-07,143,0,122,21,0,0.566993006993007,0.76,2.195804195804196,0.07404418696503497,0.41193118416713287,0.4980196657724942,0.11006326174825175,0.0,85.31,14.69,85.31,64.97
2025-11-10,152,0,110,42,0,0.5089473684210526,0.76,1.9539473684210527,0.10977760521710528,0.4019278939141447,0.41566648472412276,0.11493842796052632,0.0,72.37,27.63,72.37,56.13
2025-11-11,152,0,125,27,0,0.5578947368421052,0.76,2.1578947368421053,0.09476775792763158,0.40590574351809205,0.47935707776096487,0.11377628269736842,0.0,82.24,17.76,82.24,63.07
2025-11-12,150,0,133,17,0,0.5728,0.76,2.22,0.056771633843333336,0.41729679760149996,0.5214679633557778,0.10884756173333333,0.0,88.67,11.33,88.67,66.89
2025-11-13,152,0,102,50,0,0.47105263157894744,0.76,1.7960526315789473,0.11707185061842107,0.39054812636249997,0.37359908794649127,0.09739733421052632,0.0,67.11,32.89,67.11,51.96
2025-11-14,152,0,136,16,0,0.6194736842105263,0.76,2.414473684210526,0.06522707850328946,0.4130435669449013,0.5453503306502193,0.10370296421052631,0.0,89.47,10.53,89.47,69.2
2025-11-17,156,0,116,40,0,0.4984615384615385,0.76,1.9102564102564104,0.08556852724679488,0.4070053270661859,0.40549737036260686,0.10587055,0.0,74.36,25.64,74.36,56.7
2025-11-18,156,0,152,4,0,0.6461538461538462,0.76,2.5256410256410255,0.044266389423076924,0.4235682406570513,0.5742706335256411,0.10990641602564101,0.0,97.44,2.56,97.44,74.27
2025-11-19,153,0,137,16,0,0.5670588235294118,0.76,2.196078431372549,0.04887626871895425,0.41611256830457516,0.4724156892932462,0.09817149078431373,0.0,89.54,10.46,89.54,67.09
2025-11-20,154,0,137,17,0,0.5651948051948052,0.76,2.188311688311688,0.04808433640909091,0.4212302098737013,0.43402959896060606,0.10915495025974026,0.0,88.96,11.04,88.96,66.73
2025-11-21,155,0,147,8,0,0.6392258064516129,0.76,2.496774193548387,0.030547135712903226,0.42156214219403226,0.5899783553735484,0.09263246096774194,0.0,94.84,5.16,94.84,72.69
2025-11-24,153,0,95,58,0,0.4603921568627451,0.76,1.7516339869281046,0.11178671086601309,0.4002028207687908,0.34385015221895426,0.109142047124183,0.0,62.09,37.91,62.09,49.01
2025-11-25,157,0,116,41,0,0.5092993630573249,0.76,1.9554140127388535,0.11898835510509553,0.4013730925316879,0.42570672569660295,0.11621890503184713,0.0,73.89,26.11,73.89,56.91
2025-11-26,154,0,145,9,0,0.625974025974026,0.76,2.4415584415584415,0.055518501659090905,0.4258090190362013,0.5793157114170996,0.12169662584415585,0.0,94.16,5.84,94.16,71.81
2025-11-27,159,0,124,35,0,0.5124528301886793,0.76,1.9685534591194969,0.0924819286918239,0.41065445960880503,0.398774818760587,0.11532352773584906,0.0,77.99,22.01,77.99,59.09
2025-11-28,160,0,114,46,0,0.496,0.76,1.9,0.11968275001249999,0.40147927440500003,0.367254749735,0.1193002486875,0.0,71.25,28.75,71.25,55.04
2025-12-01,156,0,136,20,0,0.5784615384615385,0.76,2.2435897435897436,0.10088952434615385,0.40464301092115385,0.5213001798401711,0.11233700474358975,0.0,87.18,12.82,87.18,66.38
2025-12-02,159,0,141,18,0,0.5894339622641509,0.76,2.289308176100629,0.06117468022955975,0.42003271617751575,0.5308637231490566,0.11513952238993712,0.0,88.68,11.32,88.68,67.58
2025-12-03,154,0,137,17,0,0.5761038961038961,0.76,2.2337662337662336,0.05166789813636363,0.42099646400292207,0.4654389893943723,0.11187150311688311,0.0,88.96,11.04,88.96,67.17
2025-12-04,162,0,147,15,0,0.6,0.76,2.3333333333333335,0.044442322719135806,0.42213250483533954,0.4963217425384774,0.10935864858024692,0.0,90.74,9.26,90.74,69.04
2025-12-05,150,0,98,52,0,0.46080000000000004,0.76,1.7533333333333334,0.12309863861000002,0.39795719704649996,0.3190570369713333,0.1172171568,0.0,65.33,34.67,65.33,50.65
2025-12-08,148,0,135,13,0,0.6189189189189189,0.76,2.4121621621621623,0.09478439146959458,0.4106342138369932,0.5481289779403152,0.12285608297297297,0.0,91.22,8.78,91.22,70.05
2025-12-09,149,0,143,6,0,0.6230872483221477,0.76,2.4295302013422817,0.047312726,0.4268894722892617,0.5834692968044742,0.12131469100671141,0.0,95.97,4.03,95.97,72.59
2025-12-10,146,0,118,28,0,0.5084931506849316,0.76,1.952054794520548,0.07944803379452056,0.41820970435342464,0.38011581595799093,0.12524400856164383,0.0,80.82,19.18,80.82,60.34
2025-12-11,150,0,144,6,0,0.6656,0.76,2.6066666666666665,0.03472927433333333,0.43292770738666664,0.5705723984977779,0.12501071126666666,0.0,96.0,4.0,96.0,74.35
2025-12-12,153,0,126,27,0,0.5168627450980392,0.76,1.9869281045751634,0.07574040321895426,0.419357361115196,0.36304425731699347,0.12410711464052288,0.0,82.35,17.65,82.35,61.45
2025-12-15,148,0,134,14,0,0.6027027027027028,0.76,2.3445945945945947,0.07824631836824324,0.41901103169273646,0.49496203356959456,0.12342810783783784,0.0,90.54,9.46,90.54,69.05
2025-12-16,141,0,133,8,0,0.6391489361702128,0.76,2.49645390070922,0.04283969054609929,0.4247080060996454,0.5662219676070922,0.11029704631205674,0.0,94.33,5.67,94.33,72.43
2025-12-17,147,0,97,50,0,0.46448979591836737,0.76,1.7687074829931972,0.1074278194047619,0.40131367128316325,0.3210067747040816,0.1099106725170068,0.0,65.99,34.01,65.99,51.13
2025-12-18,137,0,115,22,0,0.5848175182481752,0.76,2.27007299270073,0.09361066044525547,0.4042477622784671,0.509261070183455,0.10757720357664234,0.0,83.94,16.06,83.94,65.02
2025-12-19,139,0,90,49,0,0.46302158273381294,0.76,1.7625899280575539,0.12174561607194245,0.3975885277273381,0.3528481016489209,0.11561741928057555,0.0,64.75,35.25,64.75,50.45
2025-12-22,141,0,127,14,0,0.6204255319148937,0.76,2.4184397163120566,0.09090483390780141,0.40771465906489357,0.5611184910009457,0.11215036219858156,0.0,90.07,9.93,90.07,69.54
2025-12-23,144,0,133,11,0,0.5883333333333334,0.76,2.2847222222222223,0.05128697703819444,0.42052198028663196,0.5402330329997684,0.11176927166666667,0.0,92.36,7.64,92.36,69.37
2025-12-24,141,0,92,49,0,0.45361702127659576,0.76,1.7234042553191489,0.11412561589361704,0.4035352754585106,0.328182435478487,0.11992550014184397,0.0,65.25,34.75,65.25,50.31
2025-12-25,142,0,115,27,0,0.5554929577464789,0.76,2.147887323943662,0.11296175600352112,0.4025363266558098,0.47838505931103287,0.11583188823943662,0.0,80.99,19.01,80.99,62.34
2025-12-26,139,0,129,10,0,0.6184172661870504,0.76,2.4100719424460433,0.06033409506115109,0.4187477876602518,0.563059595726379,0.11075197776978417,0.0,92.81,7.19,92.81,70.82
2025-12-29,139,0,119,20,0,0.5510791366906476,0.76,2.129496402877698,0.06485754863309352,0.418672940176259,0.4264478217697842,0.114587664676259,0.0,85.61,14.39,85.61,64.47
2025-12-30,144,0,136,8,0,0.6183333333333334,0.76,2.4097222222222223,0.05440924043402778,0.42415419445572916,0.4703779890104167,0.12047453270833335,0.0,94.44,5.56,94.44,71.64
2025-12-31,140,0,129,11,0,0.5748571428571428,0.76,2.2285714285714286,0.07230216955,0.4219739643075,0.4147344988233333,0.12808478271428572,0.0,92.14,7.86,92.14,68.71
2026-01-05,140,0,97,43,0,0.4857142857142857,0.76,1.8571428571428572,0.113405093,0.4018735897821428,0.3485162421190476,0.11915892264285713,0.0,69.29,30.71,69.29,53.64
2026-01-06,149,0,121,28,0,0.5457718120805369,0.76,2.1073825503355703,0.11950652870134226,0.39946678275989933,0.44515568487270696,0.11779054590604027,0.0,81.21,18.79,81.21,62.06
2026-01-07,143,0,138,5,0,0.6458741258741258,0.76,2.5244755244755246,0.05370631444405594,0.4240035725424825,0.5925456505890443,0.11893165363636363,0.0,96.5,3.5,96.5,73.79
2026-01-08,148,0,102,46,0,0.47297297297297297,0.76,1.804054054054054,0.10868816743918919,0.40061653941317565,0.34482898034549553,0.11080322682432432,0.0,68.92,31.08,68.92,52.94
2026-01-09,150,25,99,26,0,0.6304,1.0,2.46,0.10733151786,0.40191481351566666,0.5372192644724444,0.10056395133333333,16.67,66.0,17.33,82.67,74.58
2026-01-12,149,0,93,56,0,0.46845637583892613,0.76,1.7852348993288591,0.1179050631442953,0.3927858678122483,0.42346251711610733,0.08931160845637584,0.0,62.42,37.58,62.42,49.51
2026-01-13,159,0,149,10,0,0.6362264150943396,0.76,2.4842767295597485,0.04782972042138364,0.4190089975632075,0.5643128107836478,0.09376484352201259,0.0,93.71,6.29,93.71,72.0
2026-01-14,160,0,127,33,0,0.5245,0.76,2.01875,0.08042466885624999,0.40864918379718745,0.3975677283495833,0.09388570643750001,0.0,79.38,20.62,79.38,60.27
2026-01-15,165,0,142,23,0,0.5738181818181819,0.76,2.224242424242424,0.06423066764848484,0.4174458383442425,0.46312980420363636,0.09078120381818182,0.0,86.06,13.94,86.06,65.63
2026-01-16,154,0,131,23,0,0.5574025974025975,0.76,2.155844155844156,0.06441032672727273,0.41774928247987014,0.4443512639835498,0.09230571590909091,0.0,85.06,14.94,85.06,64.46
2026-01-19,162,0,122,40,0,0.5066666666666667,0.76,1.9444444444444444,0.1033876822037037,0.400368789333642,0.39965522200370374,0.08973477987654321,0.0,75.31,24.69,75.31,57.51
2026-01-20,163,0,153,10,0,0.605398773006135,0.76,2.355828220858896,0.06347284141104294,0.4172550799693252,0.5418720674028629,0.08971456901840491,0.0,93.87,6.13,93.87,70.82
2026-01-21,157,0,117,40,0,0.510828025477707,0.76,1.9617834394904459,0.08238769599363056,0.41290749094363055,0.41470437155286627,0.09460382127388535,0.0,74.52,25.48,74.52,57.29
2026-01-22,161,0,124,37,0,0.5095652173913043,0.76,1.9565217391304348,0.1030048745652174,0.4058580206102484,0.41792299610144934,0.09219801242236025,0.0,77.02,22.98,77.02,58.48
2026-01-23,159,0,114,45,0,0.5139622641509434,0.76,1.9748427672955975,0.11086213034276729,0.40166826943977985,0.4138740656002096,0.0889955610691824,0.0,71.7,28.3,71.7,56.0
2026-01-26,51,2,21,28,0,0.4447058823529412,1.0,1.6862745098039216,0.09972446575490196,0.4017112628093137,0.2661479706137255,0.028503534509803922,3.92,41.18,54.9,45.1,41.84
2026-01-27,54,0,34,20,0,0.45333333333333337,0.76,1.7222222222222223,0.09595135455555555,0.40061362583148147,0.35785002864444443,0.02649779407407407,0.0,62.96,37.04,62.96,49.16
2026-01-28,53,0,36,17,0,0.4883018867924529,0.76,1.8679245283018868,0.10446272379245282,0.4017242765311321,0.4073935993295598,0.03181594056603774,0.0,67.92,32.08,67.92,53.07
2026-01-29,55,0,37,18,0,0.47636363636363643,0.76,1.8181818181818181,0.10865985567272726,0.39945698835090904,0.3874204658836364,0.031421276,0.0,67.27,32.73,67.27,52.25
2026-01-30,55,0,34,21,0,0.4850909090909091,0.76,1.8545454545454545,0.1097246032090909,0.40201806301318177,0.39079812644909095,0.030078871818181818,0.0,61.82,38.18,61.82,49.88
2026-02-02,52,0,42,10,0,0.5107692307692309,0.76,1.9615384615384615,0.08611850567307691,0.41122314150480765,0.43093018913461545,0.028221374423076925,0.0,80.77,19.23,80.77,60.41
2026-02-03,52,0,23,24,5,0.37307692307692314,0.76,1.4038461538461537,0.15573196515384616,0.3884383867923077,0.2516256401230769,0.03357170423076923,0.0,44.23,46.15,44.23,36.6
2026-02-04,52,0,41,10,1,0.546923076923077,0.76,2.1153846153846154,0.12885600250961537,0.39813169060240383,0.46031689485705124,0.03345329730769231,0.0,78.85,19.23,78.85,60.94
2026-02-05,50,0,34,16,0,0.4864,0.76,1.86,0.09553134333,0.40831615097449997,0.44993178517400007,0.0294402692,0.0,68.0,32.0,68.0,53.03
2026-02-06,56,0,29,26,1,0.425,0.76,1.6071428571428572,0.12726258931249998,0.3928511675084821,0.32864009825654755,0.0309615925,0.0,51.79,46.43,51.79,42.43
2026-02-09,57,0,24,28,5,0.38596491228070173,0.76,1.456140350877193,0.1513095498508772,0.38305572930657894,0.2700065468719299,0.03232912631578948,0.0,42.11,49.12,42.11,36.06
2026-02-10,56,0,52,4,0,0.5842857142857143,0.76,2.267857142857143,0.0845768681875,0.4089237294558035,0.5001951459339288,0.034213312142857145,0.0,92.86,7.14,92.86,69.46
2026-02-11,57,0,30,27,0,0.4189473684210527,0.76,1.5789473684210527,0.09562224578947368,0.40691291893859644,0.34365566922807017,0.03451462701754386,0.0,52.63,47.37,52.63,42.59
2026-02-12,57,0,41,16,0,0.49894736842105264,0.76,1.912280701754386,0.1054239090263158,0.4013957029635965,0.39854151101345026,0.03342386175438597,0.0,71.93,28.07,71.93,55.51
2026-02-13,59,0,36,23,0,0.4549152542372881,0.76,1.728813559322034,0.09470366576271186,0.4042260558474576,0.38249230257627126,0.03625416169491525,0.0,61.02,38.98,61.02,48.25
2026-02-24,56,0,30,22,4,0.4185714285714286,0.76,1.5892857142857142,0.14807692,0.39410150616071427,0.2925158816904762,0.0514226975,0.0,53.57,39.29,53.57,43.1
2026-02-25,57,0,36,17,4,0.4792982456140351,0.76,1.8421052631578947,0.14462270694736842,0.389497377445614,0.37469725992046776,0.0364496498245614,0.0,63.16,29.82,63.16,50.38
2026-02-26,60,0,47,13,0,0.5399999999999999,0.76,2.0833333333333335,0.09053209125,0.40915572720416665,0.4780194895166667,0.03896287216666667,0.0,78.33,21.67,78.33,60.38
2026-02-27,59,0,29,29,1,0.4176271186440678,0.76,1.576271186440678,0.12589436129661016,0.39722472649533896,0.28703216294971756,0.040285402033898306,0.0,49.15,49.15,49.15,40.81
2026-03-02,58,0,55,3,0,0.5903448275862069,0.76,2.293103448275862,0.0824448818275862,0.41151188349827583,0.5373585741632184,0.03655097103448276,0.0,94.83,5.17,94.83,70.69
2026-03-03,51,0,36,15,0,0.4823529411764706,0.76,1.8431372549019607,0.0978889490882353,0.40834414220147053,0.44923801840457517,0.03684047901960784,0.0,70.59,29.41,70.59,54.16
2026-03-04,54,0,27,27,0,0.4311111111111111,0.76,1.6296296296296295,0.1040713495648148,0.4062642235041667,0.2863015866796296,0.03743113481481482,0.0,50.0,50.0,50.0,41.77
2026-03-05,56,0,24,28,4,0.39285714285714285,0.76,1.4821428571428572,0.1429686685625,0.3914372417352678,0.2783361983589286,0.040006803214285715,0.0,42.86,50.0,42.86,36.7
2026-03-06,55,0,29,23,3,0.44363636363636366,0.76,1.690909090909091,0.14100767994545454,0.3908233661190909,0.3320652557321212,0.038250625272727275,0.0,52.73,41.82,52.73,43.69
2026-03-09,54,0,47,7,0,0.5333333333333333,0.76,2.0555555555555554,0.08854372441666666,0.41120067813935185,0.47492309059814813,0.03857584407407408,0.0,87.04,12.96,87.04,64.46
2026-03-10,55,0,25,26,4,0.39054545454545453,0.76,1.4727272727272727,0.1444042586272727,0.39302165510772724,0.2636530715836364,0.04266961654545455,0.0,45.45,47.27,45.45,37.9
2026-03-11,58,0,51,7,0,0.5324137931034483,0.76,2.0517241379310347,0.11194033781034483,0.4075734920939655,0.42221634928850577,0.04389852103448276,0.0,87.93,12.07,87.93,64.87
2026-03-12,54,0,36,18,0,0.49333333333333335,0.76,1.8888888888888888,0.09255959283333333,0.41229717972129626,0.4552916329518518,0.04283720203703704,0.0,66.67,33.33,66.67,52.65
2026-03-13,53,0,34,19,0,0.45207547169811324,0.76,1.7169811320754718,0.10473769838679245,0.40879344430047165,0.36720123896415097,0.04616842150943396,0.0,64.15,35.85,64.15,49.7
2026-03-16,55,0,29,26,0,0.4414545454545455,0.76,1.6727272727272726,0.1149273728090909,0.40397606848045453,0.30156737952303037,0.04470366436363636,0.0,52.73,47.27,52.73,43.56
2026-03-17,57,0,50,7,0,0.5578947368421052,0.76,2.1578947368421053,0.08634110708771929,0.41166823471228065,0.4557598056,0.0401401350877193,0.0,87.72,12.28,87.72,65.81
2026-03-18,58,0,28,30,0,0.4124137931034483,0.76,1.5517241379310345,0.12139225988793104,0.400749789875431,0.2642436222637931,0.04347244017241379,0.0,48.28,51.72,48.28,40.15
2026-03-19,58,0,53,5,0,0.5779310344827586,0.76,2.2413793103448274,0.07762680819827586,0.4172242324840517,0.4717552490155173,0.04373063948275862,0.0,91.38,8.62,91.38,68.46
2026-03-20,57,0,33,24,0,0.4357894736842105,0.76,1.6491228070175439,0.08317969528070177,0.42286114602894737,0.3318431856573099,0.05928889842105263,0.0,57.89,42.11,57.89,45.91
2026-03-23,54,0,43,11,0,0.5377777777777778,0.76,2.074074074074074,0.08353635844444443,0.41793942598888884,0.47468596845925926,0.05425786740740741,0.0,79.63,20.37,79.63,60.94
2026-03-24,60,0,28,27,5,0.3846666666666667,0.76,1.45,0.1505856428,0.39704881331166664,0.23799203660666668,0.05429582583333334,0.0,46.67,45.0,46.67,38.28
2026-03-25,61,0,49,7,5,0.5481967213114753,0.76,2.1311475409836067,0.14763328856557378,0.40010304410860653,0.43926484612295086,0.05791243721311475,0.0,80.33,11.48,80.33,61.78
2026-03-26,58,0,41,17,0,0.49931034482758624,0.76,1.9137931034482758,0.07775914187931034,0.4262313149801724,0.472994086175862,0.060186469310344826,0.0,70.69,29.31,70.69,54.9
2026-03-27,57,0,25,28,4,0.3782456140350878,0.76,1.4210526315789473,0.14311765816666666,0.40189431231710526,0.2463421064368421,0.056845734210526314,0.0,43.86,49.12,43.86,36.6
2026-03-30,63,0,59,4,0,0.5923809523809523,0.76,2.3015873015873014,0.10184470072222222,0.41524903967579363,0.46611393569682547,0.061442156984126986,0.0,93.65,6.35,93.65,70.18
2026-03-31,57,0,31,26,0,0.4357894736842105,0.76,1.6491228070175439,0.09785744366666667,0.409251189172807,0.41929395987485374,0.04777753543859649,0.0,54.39,45.61,54.39,44.16
2026-04-01,57,0,26,27,4,0.3992982456140351,0.76,1.5087719298245614,0.14839939125438595,0.3973634356311403,0.2597705988368421,0.056024315263157896,0.0,45.61,47.37,45.61,38.33
2026-04-02,55,0,51,4,0,0.5810909090909091,0.76,2.2545454545454544,0.10304813998181818,0.4133741405881818,0.5266857613127273,0.05329512836363637,0.0,92.73,7.27,92.73,69.26
2026-04-03,55,0,34,21,0,0.45890909090909093,0.76,1.7454545454545454,0.08110972956363638,0.4157613862890909,0.42976674936000003,0.05101165818181819,0.0,61.82,38.18,61.82,48.82
2026-04-07,59,0,28,28,3,0.3877966101694916,0.76,1.4576271186440677,0.13357953833898303,0.39483788747966103,0.23050091212881357,0.03947392949152542,0.0,47.46,47.46,47.46,38.77
2026-04-08,56,0,35,16,5,0.435,0.76,1.6607142857142858,0.15209668812500002,0.3869103891741071,0.27953674873214285,0.03504828892857143,0.0,62.5,28.57,62.5,48.25
2026-04-09,56,0,49,7,0,0.5885714285714286,0.76,2.2857142857142856,0.0814182838125,0.41515253950491066,0.4846964271660714,0.04016827678571428,0.0,87.5,12.5,87.5,66.95
2026-04-10,54,0,24,26,4,0.37925925925925924,0.76,1.4259259259259258,0.14945964656481484,0.3938145093967592,0.26637885939074074,0.03922431388888889,0.0,44.44,48.15,44.44,36.93
2026-04-13,49,0,42,7,0,0.5689795918367347,0.76,2.204081632653061,0.09549103007142856,0.4042527092403061,0.46268117193129255,0.03587818224489796,0.0,85.71,14.29,85.71,65.26
2026-04-14,38,0,12,22,4,0.33894736842105266,0.76,1.263157894736842,0.1657355585263158,0.3660395133315789,0.2651942267157895,0.03381195526315789,0.0,31.58,57.89,31.58,28.88
2026-04-15,46,0,41,5,0,0.551304347826087,0.76,2.130434782608696,0.10787921480434781,0.4003953833402174,0.45476488643043483,0.03798082086956522,0.0,89.13,10.87,89.13,66.24
2026-04-16,41,0,12,24,5,0.3453658536585366,0.76,1.2926829268292683,0.16703282313414633,0.37337192942743896,0.2834630301536586,0.04349431536585366,0.0,29.27,58.54,29.27,28.01
2026-04-17,61,0,52,8,1,0.499672131147541,0.76,1.9180327868852458,0.12318256363114755,0.39973980815532784,0.4555146058967213,0.04317362590163934,0.0,85.25,13.11,85.25,62.21
2026-04-20,60,0,33,23,4,0.4693333333333333,0.76,1.8,0.143566088625,0.39172745885625,0.38182182221944444,0.03799464416666667,0.0,55.0,38.33,55.0,45.89
2026-04-21,60,0,53,7,0,0.5559999999999999,0.76,2.15,0.07862092535000001,0.41688401979416667,0.49568922693,0.04531706,0.0,88.33,11.67,88.33,66.04
2026-04-22,54,0,31,22,1,0.42592592592592593,0.76,1.6111111111111112,0.13213577987962963,0.39776972651435183,0.36167693020925923,0.047418579074074076,0.0,57.41,40.74,57.41,45.28
2026-04-23,67,0,67,0,0,0.5307462686567165,0.76,2.044776119402985,0.1374761736641791,0.32563333558320895,0.521940916222388,0.05277776970149254,0.0,100.0,0.0,100.0,70.84
2026-04-24,30,0,7,23,0,0.336,0.52,1.2333333333333334,0.13653691099999998,0.3193307122,0.38213423160000004,0.038041402333333335,0.0,23.33,76.67,23.33,24.55
2026-04-27,30,0,3,27,0,0.30400000000000005,0.52,1.1,0.10106167391666666,0.3288803629291666,0.21528853135,0.03167099733333333,0.0,10.0,90.0,10.0,16.58
2026-04-28,30,0,27,3,0,0.504,0.76,1.9333333333333333,0.13330236555,0.3160079171075,0.4648011913566667,0.028141655666666664,0.0,90.0,10.0,90.0,64.75
2026-04-29,30,0,2,28,0,0.29600000000000004,0.52,1.0666666666666667,0.09779844211666666,0.33058373900916665,0.24535728657666667,0.03291820833333333,0.0,6.67,93.33,6.67,14.59
2026-04-30,30,0,26,4,0,0.504,0.76,1.9333333333333333,0.11397849608333334,0.3239042608708333,0.46683618278333333,0.03065941,0.0,86.67,13.33,86.67,63.08
